{"rows":[
{
    "billno" : "20160728001",
	"billdate" : "2016-07-28",
	"suppliername" : "联想株洲总代理",
	"supplieraddress" : "株洲天元区黄山路",
	"department" : "物控部",
	"warehouse" : "株洲仓",
	"buyer" : "牛采购",
	"executor" : "小花",
	"details" : [{
		"billno" : 20160728001,
		"lineid" : 1,
		"goodsname" : "联想笔记本",
		"goodsnum" : 10,
		"goodsprice" : 4500.00,
		"goodsmoneyamt" : 45000.00,
		"ispresent" : false
	}, {
		"billno" : 20160728001,
		"lineid" : 2,
		"goodsname" : "数码相机",
		"goodsnum" : 10,
		"goodsprice" : 2000.00,
		"goodsmoneyamt" : 20000.00,
		"ispresent" : true
	}]
},
{
	"billno":"20160728002",
	"billdate":"2016-07-28",
	"suppliername":"株洲千金药业",
	"supplieraddress":"湖南省株洲市天元区株洲大道801号",
	"department":"采购部",
	"warehouse":"株洲仓",
	"buyer":"小乔",
	"executor":"小花",
	"details":
	[{
		"billno":"20160728002",
		"lineid":1,
		"goodsname":"板蓝根",
		"goodsnum":100,
		"goodsprice":30.00,
		"goodsmoneyamt":30000.00,
		"ispresent":false
		},{
		"billno":"20160728002",
		"lineid":2,
		"goodsname":"猪胆粉",
		"goodsnum":1000,
		"goodsprice":2.00,
		"goodsmoneyamt":20000.00,
		"ispresent":true
	}]
},{
    "billno" : "20160728020",
	"billdate" : "2016-07-28",
	"suppliername" : "珠海格力电器股份有限公司",
	"supplieraddress" : "广东珠海",
	"department" : "后勤部",
	"warehouse" : "株洲仓",
	"buyer" : "王采购",
	"executor" : "小花",
	"details" : [{
		"billno" : 20160728020,
		"lineid" : 1,
		"goodsname" : "格力KFR-72LW",
		"goodsnum" : 10,
		"goodsprice" : 6130.00,
		"goodsmoneyamt" : 61300.00,
		"ispresent" : false
	}, {
		"billno" : 20160728020,
		"lineid" : 2,
		"goodsname" : "格力KFR-32GW",
		"goodsnum" : 10,
		"goodsprice" : 3023.00,
		"goodsmoneyamt" : 30230.00,
		"ispresent" : true
	}]
},
{
	"billno":"20160728023",
	"billdate":"2016-07-28",
	"suppliername":"株洲唐人神",
	"supplieraddress":"湖南省株洲市湖南株洲市古大桥",
	"department":"后勤部",
	"warehouse":"株洲仓",
	"buyer":"王采购",
	"executor":"小花",
	"details":
	[{
		"billno":"20160728023",
		"lineid":1,
		"goodsname":"唐人神冷鲜猪肉",
		"goodsnum":100,
		"goodsprice":38.00,
		"goodsmoneyamt":3800.00,
		"ispresent":false
		},{
		"billno":"20160728023",
		"lineid":2,
		"goodsname":"唐人神酱板鸭",
		"goodsnum":1000,
		"goodsprice":25.00,
		"goodsmoneyamt":25000.00,
		"ispresent":true
	}]
}
]}
